,publishedAt,title,tags,channelTitle,viewCount,likeCount,dislikeCount,favoriteCount,commentCount
147,2021-06-18,"不避中國領空！24萬莫德納疫苗抵台  美國亞太助卿拋與台灣討論""代工疫苗""合作 鍾年晃估配發數量喊話柯市府：這次別再說突襲│廖筱君主持│【新台灣加油 完整版】20210618│三立新聞台","['三立新聞', '最新消息', 'LIVE', '三立iNEWS', '三立', '新聞', '直播', '網路直播', '最新', '即時', '新聞快訊', '蔡英文', '習近平', '蘇貞昌', '韓國瑜', '馬英九', '江啟臣', '柯文哲', '中國', '領空', '莫德納疫苗', '美國', '亞太助卿', '代工疫苗', '柯市府', '突襲']",三立LIVE新聞,59508,609,130,0,207
148,2021-06-18,"觀光旅遊受疫情衝擊！業者拋""國內旅行泡泡""自救 憂""篩陰證明有疑慮""│記者 古芙仙 朱俊傑 涂永全│【LIVE大現場】20210618│三立新聞台","['三立新聞', '最新消息', 'LIVE', '三立iNEWS', '三立', '新聞', '直播', '網路直播', '最新', '即時', '新聞快訊', '蔡英文', '習近平', '蘇貞昌', '韓國瑜', '馬英九', '江啟臣', '柯文哲', '觀光', '旅遊', '疫情', '衝擊', '旅行泡泡', '篩陰證明']",三立LIVE新聞,2870,7,19,0,16
149,2021-06-18,"AZ疫苗開打後累計已42人猝死！AZ疫苗""無華人臨床試驗"" 長者接種猝死究因 醫師曝施打疫苗恐只是間接因素│記者 吳幸樺 王群賀│【新聞深一度】20210618│三立新聞台","['三立新聞', '最新消息', 'LIVE', '三立iNEWS', '三立', '新聞', '直播', '網路直播', '最新', '即時', '新聞快訊', '蔡英文', '習近平', '蘇貞昌', '韓國瑜', '馬英九', '江啟臣', '柯文哲', '武漢肺炎', 'covid-19', 'AZ疫苗', '猝死', '接種', '長者', '間接因素', '慢性病']",三立LIVE新聞,11829,52,28,0,112
150,2021-06-18,"球后戴姿穎阿嬤也呼籲一定要來打！99歲高雄大寮阿嬤打完AZ疫苗後喊""能走能作菜"":接種後精神狀況很好│記者 古芙仙 田居達│【LIVE大現場】20210618│三立新聞台","['三立新聞', '最新消息', 'LIVE', '三立iNEWS', '三立', '新聞', '直播', '網路直播', '最新', '即時', '新聞快訊', '蔡英文', '習近平', '蘇貞昌', '韓國瑜', '馬英九', '江啟臣', '柯文哲', '武漢肺炎', 'covid-19', '高雄', '大寮', '球后', '戴姿穎']",三立LIVE新聞,4998,31,9,0,7
151,2021-06-18,"憲哥快篩買貴了嗎？砸3千萬買11萬劑 藥師曝快篩""價差大"" 官方採購""半價""│記者 張珈瑄 唐薏程│【LIVE大現場】20210618│三立新聞台","['三立新聞', '最新消息', 'LIVE', '三立iNEWS', '三立', '新聞', '直播', '網路直播', '最新', '即時', '新聞快訊', '蔡英文', '習近平', '蘇貞昌', '韓國瑜', '馬英九', '江啟臣', '柯文哲', '憲哥', '快篩', '藥師', '價差', '官方', '採購', '半價']",三立LIVE新聞,2045,5,20,0,6
152,2021-06-18,"台中后里長照機構遭疑""踩紅線""！爆替""未來員工""打疫苗 機構負責人稱：獲允可行│記者 張峻棟 陳政棟 王子瑜│【LIVE大現場】20210618│三立新聞台","['三立新聞', '最新消息', 'LIVE', '三立iNEWS', '三立', '新聞', '直播', '網路直播', '最新', '即時', '新聞快訊', '蔡英文', '習近平', '蘇貞昌', '韓國瑜', '馬英九', '江啟臣', '柯文哲', '台中', '后里', '長照機構', '踩紅線', '未來員工', '疫苗', '機構負責人']",三立LIVE新聞,1170,3,5,0,1
153,2021-06-18,"換冷氣冷媒卻突爆炸！冷氣工人""雙眼嚴重灼傷""...老師傅揭兩關鍵恐釀災│記者 蔡文淵 陳逸潔 沈明志│【LIVE大現場】20210618│三立新聞台","['三立新聞', '最新消息', 'LIVE', '三立iNEWS', '三立', '新聞', '直播', '網路直播', '最新', '即時', '新聞快訊', '蔡英文', '習近平', '蘇貞昌', '韓國瑜', '馬英九', '江啟臣', '柯文哲', '冷氣', '冷媒', '爆炸', '冷氣工人', '灼傷', '師傅']",三立LIVE新聞,13227,31,2,0,14
154,2021-06-18,"外媒直擊高端疫苗生產線！CNN記者喊感到""動力十足"" 國產疫苗可信度遭質疑 總經理陳燦堅:數據試驗都透明│記者 陳淮安│【LIVE大現場】20210618│三立新聞台","['三立新聞', '最新消息', 'LIVE', '三立iNEWS', '三立', '新聞', '直播', '網路直播', '最新', '即時', '新聞快訊', '蔡英文', '習近平', '蘇貞昌', '韓國瑜', '馬英九', '江啟臣', '柯文哲', '武漢肺炎', 'covid-19', '疫苗', '高端', 'CNN', '陳燦堅', '國產']",三立LIVE新聞,7480,72,43,0,57
155,2021-06-18,"#三立獨家 太傻眼！網購酒精噴霧槍竟變""玩具水槍"" 遭賣家封鎖求助無門 理化老師提醒""滅菌紫外線""勿照人體恐造成病變│記者 張哲豪 鄭遠龍│【LIVE大現場】20210618│三立新聞台","['三立新聞', '最新消息', 'LIVE', '三立iNEWS', '三立', '新聞', '直播', '網路直播', '最新', '即時', '新聞快訊', '蔡英文', '習近平', '蘇貞昌', '韓國瑜', '馬英九', '江啟臣', '柯文哲', '網購', '酒精噴霧槍', '玩具水槍', '賣家', '封鎖', '求助', '滅菌紫外線', '病變']",三立LIVE新聞,11254,43,3,0,11
156,2021-06-18,"美國.德國當推手！台積電獲台灣政府授權談BNT疫苗 晶圓+代工龍頭 台積電.鴻海聯手組""購苗國家隊""│記者 程彥豪 方柏丰│【LIVE大現場】20210618│三立新聞台","['三立新聞', '最新消息', 'LIVE', '三立iNEWS', '三立', '新聞', '直播', '網路直播', '最新', '即時', '新聞快訊', '蔡英文', '習近平', '蘇貞昌', '韓國瑜', '馬英九', '江啟臣', '柯文哲', '武漢肺炎', 'covid-19', '台積電', '鴻海', '授權', 'BNT', '晶圓', '代工', '龍頭', '國家隊']",三立LIVE新聞,11698,128,10,0,115
157,2021-06-18,"看不到未來...老闆哭了！餐飲""禁止內用""未解禁 不捨員工因疫情嘸頭路 業者落淚:看不到盡頭...│記者 黃大衛 胡時瑛 李承諺│【LIVE大現場】20210618│三立新聞台","['三立新聞', '最新消息', 'LIVE', '三立iNEWS', '三立', '新聞', '直播', '網路直播', '最新', '即時', '新聞快訊', '蔡英文', '習近平', '蘇貞昌', '韓國瑜', '馬英九', '江啟臣', '柯文哲', '武漢肺炎', 'covid-19', '餐飲', '工作', '賠錢', '禁止內用', '解禁']",三立LIVE新聞,33702,137,21,0,157
158,2021-06-18,"嚇死人！控運將繞路要求停車更試圖攻擊 後竟大膽當街""劫車""逃竄3縣市 警方沿線調監視器9小時內成功逮嫌│記者 洪琮翔 孟國華│【LIVE大現場】20210618│三立新聞台","['三立新聞', '最新消息', 'LIVE', '三立iNEWS', '三立', '新聞', '直播', '網路直播', '最新', '即時', '新聞快訊', '蔡英文', '習近平', '蘇貞昌', '韓國瑜', '馬英九', '江啟臣', '柯文哲', '運將', '繞路', '停車', '拒付車資', '劫車', '監視器']",三立LIVE新聞,1906,10,3,0,0
159,2021-06-18,"傻眼...這是補助還是施捨？護理師po文控防疫慰勞""只給60元""！護理師公會澄清""會員關懷""3萬均分1人60元│記者 王紹宇 朱俊傑 朱怡蓉│【LIVE大現場】20210618│三立新聞台","['三立新聞', '最新消息', 'LIVE', '三立iNEWS', '三立', '新聞', '直播', '網路直播', '最新', '即時', '新聞快訊', '蔡英文', '習近平', '蘇貞昌', '韓國瑜', '馬英九', '江啟臣', '柯文哲', '武漢肺炎', 'covid-19', '補助', '護理師', '公會', '會員關懷', '均分', '60元']",三立LIVE新聞,2306,8,2,0,5
160,2021-06-18,"看完覺得心超暖！""高雄好家載""短片8萬人點閱 68秒短片不打""政策宣導"" 以日常生活貼近人心 作家讚:拍得溫暖│記者 胡時瑛 李承諺│【LIVE大現場】20210618│三立新聞台","['三立新聞', '最新消息', 'LIVE', '三立iNEWS', '三立', '新聞', '直播', '網路直播', '最新', '即時', '新聞快訊', '蔡英文', '習近平', '蘇貞昌', '韓國瑜', '馬英九', '江啟臣', '柯文哲', '武漢肺炎', 'covid-19', '高雄好家載', '日常生活', '暖心', '溫暖']",三立LIVE新聞,7923,134,9,0,4
161,2021-06-18,"火線救援！基隆正濱漁港""火燒船""現場更傳出爆炸聲 警消民眾合力拉船搶救│記者 林俊華 羅珮瑜│【LIVE大現場】20210618│三立新聞台","['三立新聞', '最新消息', 'LIVE', '三立iNEWS', '三立', '新聞', '直播', '網路直播', '最新', '即時', '新聞快訊', '蔡英文', '習近平', '蘇貞昌', '韓國瑜', '馬英九', '江啟臣', '柯文哲', '救援', '基隆', '正濱漁港', '火燒船', '警消', '拉船']",三立LIVE新聞,951,5,3,0,0
162,2021-06-18,"紓困4.0預算三讀通過！國民黨""普發現金""遭否決 原2600億遭刪5.01億│記者 莊惠琪 游家瑋│【LIVE大現場】20210618│三立新聞台","['三立新聞', '最新消息', 'LIVE', '三立iNEWS', '三立', '新聞', '直播', '網路直播', '最新', '即時', '新聞快訊', '蔡英文', '習近平', '蘇貞昌', '韓國瑜', '馬英九', '江啟臣', '柯文哲', '紓困4.0', '預算', '三讀', '國民黨', '普發現金', '否決']",三立LIVE新聞,9151,56,17,0,79
163,2021-06-18,"#三立獨家 剛滿百歲...人瑞接種完疫苗隔天身亡""生日成忌日"" 曝申請相驗竟遭衛生所.警方互踢皮球？！│記者 王韻筑 王家珩 江文賢│【LIVE大現場】20210618│三立新聞台","['三立新聞', '最新消息', 'LIVE', '三立iNEWS', '三立', '新聞', '直播', '網路直播', '最新', '即時', '新聞快訊', '蔡英文', '習近平', '蘇貞昌', '韓國瑜', '馬英九', '江啟臣', '柯文哲', '百歲人瑞', '疫苗', '生日', '忌日', '相驗', '衛生所', '警方', '踢皮球']",三立LIVE新聞,24771,96,18,0,145
164,2021-06-18,"AZ疫苗擴大施打！全台累計逾""40人""接種後死亡...陳時中稱：願相驗解剖將發放30萬慰問金│記者 曾佳萱 林煜哲│【LIVE大現場】20210618│三立新聞台","['三立新聞', '最新消息', 'LIVE', '三立iNEWS', '三立', '新聞', '直播', '網路直播', '最新', '即時', '新聞快訊', '蔡英文', '習近平', '蘇貞昌', '韓國瑜', '馬英九', '江啟臣', '柯文哲', 'AZ疫苗', '施打', '接種', '死亡', '陳時中', '相驗解剖', '慰問金']",三立LIVE新聞,867,1,6,0,5
165,2021-06-18,"多次採檢""陰轉陽""！長照機構再增4確診 啟動高密集追蹤阻傳播鏈擴散│記者 林俊華 洪儀婷│【LIVE大現場】20210618│三立新聞台","['三立新聞', '最新消息', 'LIVE', '三立iNEWS', '三立', '新聞', '直播', '網路直播', '最新', '即時', '新聞快訊', '蔡英文', '習近平', '蘇貞昌', '韓國瑜', '馬英九', '江啟臣', '柯文哲', '採檢', '長照機構', '確診', '高密集追蹤', '傳播鏈']",三立LIVE新聞,677,3,1,0,2
166,2021-06-18,"採""三方模式""買疫苗？！裕利頻遭點名""低調否認"" 專家分析：需考量中國因素 柯建銘意外曝郭台銘購買疫苗金額要價...│記者 張硯卿 蕭宇志│【LIVE大現場】20210618│三立新聞台","['三立新聞', '最新消息', 'LIVE', '三立iNEWS', '三立', '新聞', '直播', '網路直播', '最新', '即時', '新聞快訊', '蔡英文', '習近平', '蘇貞昌', '韓國瑜', '馬英九', '江啟臣', '柯文哲', '三方模式', '疫苗', '裕利', '低調', '否認', '專家分析', '中國', '柯建銘', '郭台銘', '疫苗金額']",三立LIVE新聞,1338,4,10,0,6
167,2021-06-18,政府大開綠燈！行政院授權鴻海.台積電代表政府採購千萬劑BNT疫苗 蔡英文總統與郭台銘.劉德音府內會談│記者 朱淑君 葛子綱│【LIVE大現場】20210618│三立新聞台,"['三立新聞', '最新消息', 'LIVE', '三立iNEWS', '三立', '新聞', '直播', '網路直播', '最新', '即時', '新聞快訊', '蔡英文', '習近平', '蘇貞昌', '韓國瑜', '馬英九', '江啟臣', '柯文哲', '政府', '行政院', '授權', '鴻海', '台積電', 'BNT疫苗', '總統', '郭台銘', '劉德音', '府內會談']",三立LIVE新聞,2309,26,8,0,21
168,2021-06-18,新增187例本土.21例死亡！長者疫苗開打各地頻傳死亡通報 指揮中心揭數據：我國死亡率較南韓低│記者 林昆慶 王承偉│【LIVE大現場】20210618│三立新聞台,"['三立新聞', '最新消息', 'LIVE', '三立iNEWS', '三立', '新聞', '直播', '網路直播', '最新', '即時', '新聞快訊', '蔡英文', '習近平', '蘇貞昌', '韓國瑜', '馬英九', '江啟臣', '柯文哲', '本土', '死亡', '長者疫苗', '死亡通報', '指揮中心', '數據']",三立LIVE新聞,2196,14,8,0,2
169,2021-06-18,第二批24萬劑莫德納來了！保存期限至12/15 近日41萬劑將接力抵達台灣 疫苗可望向下施打│記者 陳宥蓉 簡宏圻 胡克強│【LIVE大現場】20210618│三立新聞台,"['三立新聞', '最新消息', 'LIVE', '三立iNEWS', '三立', '新聞', '直播', '網路直播', '最新', '即時', '新聞快訊', '蔡英文', '習近平', '蘇貞昌', '韓國瑜', '馬英九', '江啟臣', '柯文哲', '莫德納', '保存期限', '接力', '向下施打']",三立LIVE新聞,1840,18,1,0,4
170,2021-06-18,73歲雷洪像尾活龍　全國首支國家認證漢方「股立補」顧骨｜三立新聞台,"['三立新聞', '最新消息', 'LIVE', '三立iNEWS', '三立', '新聞', '直播', '網路直播', '最新', '即時', '新聞快訊', '蔡英文', '習近平', '蘇貞昌', '韓國瑜', '馬英九', '江啟臣', '柯文哲']",三立LIVE新聞,1310,6,4,0,0
171,2021-06-18,"花蓮崇德群聚案再新增一人染疫！指標個案婦人的二女婿也確診 花蓮縣府啟動""四村快篩站""聯防疫情擴散│記者 呂彥 洪儀婷│【LIVE大現場】20210618│三立新聞台","['三立新聞', '最新消息', 'LIVE', '三立iNEWS', '三立', '新聞', '直播', '網路直播', '最新', '即時', '新聞快訊', '蔡英文', '習近平', '蘇貞昌', '韓國瑜', '馬英九', '江啟臣', '柯文哲', '武漢肺炎', 'covid-19', '崇德', '群聚', '花蓮', '四村快篩站']",三立LIVE新聞,1904,13,2,0,0
172,2021-06-18,"「搞得我們兩兄弟這麼忙」這個勸世文也太有哏！12尊神將""戴口罩""曬日光浴 其中兩尊是七爺八爺 防疫勸世文引共鳴│記者 廖宜德│【LIVE大現場】20210618│三立新聞台","['三立新聞', '最新消息', 'LIVE', '三立iNEWS', '三立', '新聞', '直播', '網路直播', '最新', '即時', '新聞快訊', '蔡英文', '習近平', '蘇貞昌', '韓國瑜', '馬英九', '江啟臣', '柯文哲', '雲林', '防疫', '勸世文', '七爺', '八爺', '口罩', '日光浴', '神像']",三立LIVE新聞,7539,61,4,0,15
173,2021-06-18,救人的反被救！救護車疑為閃車自撞分隔島翻覆 造成車上四人輕傷 疑救護車駕駛車速太快釀禍│記者 陳逸潔 吳伊哲 李建瑩│【LIVE大現場】20210618│三立新聞台,"['三立新聞', '最新消息', 'LIVE', '三立iNEWS', '三立', '新聞', '直播', '網路直播', '最新', '即時', '新聞快訊', '蔡英文', '習近平', '蘇貞昌', '韓國瑜', '馬英九', '江啟臣', '柯文哲', '台中', '救護車', '自撞', '護欄', '翻覆']",三立LIVE新聞,4131,17,3,0,24
174,2021-06-18,"鐵工施工不慎引發""連環燒""！六合夜市主委""兩棟房子受損""損失上千萬 鐵工遭判拘役50天 主委怒喊:不能接受│記者 連冠智 朱怡蓉│【LIVE大現場】20210618│三立新聞台","['三立新聞', '最新消息', 'LIVE', '三立iNEWS', '三立', '新聞', '直播', '網路直播', '最新', '即時', '新聞快訊', '蔡英文', '習近平', '蘇貞昌', '韓國瑜', '馬英九', '江啟臣', '柯文哲', '高雄', '六合夜市', '主委', '鐵工', '連環燒', '失火', '賠償']",三立LIVE新聞,19453,54,7,0,30
175,2021-06-18,"梅雨鋒又要來了！""典型梅雨鋒""下週二襲台 中南部雨勢逐日增大 梅雨影響時間長！恐一路""徘徊至月底""│氣象老大吳德榮│【三立準氣象】20210618│三立新聞台","['三立新聞', '最新消息', 'LIVE', '三立iNEWS', '三立', '新聞', '直播', '網路直播', '最新', '即時', '新聞快訊', '蔡英文', '習近平', '蘇貞昌', '韓國瑜', '馬英九', '江啟臣', '柯文哲', '梅雨', '鋒面', '典型', '中南部', '雨勢', '降雨', '月底', '氣象老大', '吳德榮', '準氣象']",三立LIVE新聞,37141,259,21,0,11
176,2021-06-18,"[一刀未剪]高雄""嘉玲""又回來了！12天僅增2例 陳其邁：社區相對安全 風險在""南北移動"" 長者後悔不敢打疫苗 市長:隨時想補打都可以│【焦點人物大現場】20210618│三立新聞台","['三立新聞', '最新消息', 'LIVE', '三立iNEWS', '三立', '新聞', '直播', '網路直播', '最新', '即時', '新聞快訊', '蔡英文', '習近平', '蘇貞昌', '韓國瑜', '馬英九', '江啟臣', '柯文哲', '武漢肺炎', 'covid-19', '高雄', '嘉玲', '本土', '零確診', '陳其邁', '市長', '南北', '移動', '補打', '疫苗', '後悔', '第二波', '接種']",三立LIVE新聞,14548,233,17,0,85
177,2021-06-18,"行政院正式授權鴻海.台積電代表台灣洽購BNT疫苗 台積電不聲張6/10申請今日才曝光""無條件且不保留""全捐政府 郭董八點聲明｜許貴雅主持｜【前進新台灣 完整版】20210618｜三立新聞台","['三立新聞', '最新消息', 'LIVE', '三立iNEWS', '三立', '新聞', '直播', '網路直播', '最新', '即時', '新聞快訊', '蔡英文', '習近平', '蘇貞昌', '韓國瑜', '馬英九', '江啟臣', '柯文哲']",三立LIVE新聞,52298,482,106,0,275
178,2021-06-18,機場直擊! 24萬劑莫德納今抵台 下批41萬劑數日內接力到 | 【直播回放】20210618| 三立新聞台,"['三立新聞', '最新消息', 'LIVE', '三立iNEWS', '三立', '新聞', '直播', '網路直播', '最新', '即時', '新聞快訊', '蔡英文', '習近平', '蘇貞昌', '韓國瑜', '馬英九', '江啟臣', '柯文哲', '莫德納', '機場', '疫苗', '華航', '現場', '生放送']",三立LIVE新聞,55752,597,25,0,66
179,2021-06-18,#三立最新 24萬劑莫德納疫苗抵台！ 食藥署查核冷鏈.樣品抽取將趕進度檢核封緘 美75萬劑莫德納估月底前送達｜記者 陳宥蓉｜【LIVE大現場】20210618｜三立新聞台,"['三立新聞', '最新消息', 'LIVE', '三立iNEWS', '三立', '新聞', '直播', '網路直播', '最新', '即時', '新聞快訊', '蔡英文', '習近平', '蘇貞昌', '韓國瑜', '馬英九', '江啟臣', '柯文哲', '華航', '莫德納', '台灣', '美國']",三立LIVE新聞,37918,329,141,0,330
180,2021-06-18,"再增71例本土！北市啟動""清零""計畫 將把人力用在""已確診者為中心""做疫調 對於診所籲設置""候補機制""防多餘疫苗被丟掉 柯P:請按照政府原則 ｜【直播回放】20210618｜三立LIVE新聞","['三立新聞', '最新消息', 'LIVE', '三立iNEWS', '三立', '新聞', '直播', '網路直播', '最新', '即時', '新聞快訊', '蔡英文', '習近平', '蘇貞昌', '韓國瑜', '馬英九', '江啟臣', '柯文哲', '武漢肺炎', 'covid-19', '北市', '本土', '清零', '計畫', '快篩', '陽性']",三立LIVE新聞,5025,20,35,0,5
181,2021-06-18,國內買疫苗卡關突破！ 行政院緊急授權鴻海.台積電代表政府採購BNT疫苗 蔡英文總統16:00將會面郭台銘.劉德音｜主播 黃家緯｜【新聞16說清楚】20210618｜三立新聞台,"['三立新聞', '最新消息', 'LIVE', '三立iNEWS', '三立', '新聞', '直播', '網路直播', '最新', '即時', '新聞快訊', '蔡英文', '習近平', '蘇貞昌', '韓國瑜', '馬英九', '江啟臣', '柯文哲', '行政院', '台積電', '郭台銘', '授權']",三立LIVE新聞,12653,117,15,0,79
182,2021-06-18,#三立最新 24萬劑莫德納疫苗將抵台！ 華航CI-5556貨機不避中國領空直衝奔台 美捐贈75萬劑莫德納估月底前送達｜記者 陳宥蓉｜【LIVE大現場】20210618｜三立新聞台,"['三立新聞', '最新消息', 'LIVE', '三立iNEWS', '三立', '新聞', '直播', '網路直播', '最新', '即時', '新聞快訊', '蔡英文', '習近平', '蘇貞昌', '韓國瑜', '馬英九', '江啟臣', '柯文哲', '華航', '莫德納', '台灣', '美國']",三立LIVE新聞,4260,40,2,0,18
183,2021-06-18,"受疫情衝擊！高雄庇護工廠一日僅收""300元"" 業者為店內身障.中高齡員工苦撐...│記者 黃大衛 朱怡蓉│【LIVE大現場】20210618│三立新聞台","['三立新聞', '最新消息', 'LIVE', '三立iNEWS', '三立', '新聞', '直播', '網路直播', '最新', '即時', '新聞快訊', '蔡英文', '習近平', '蘇貞昌', '韓國瑜', '馬英九', '江啟臣', '柯文哲', '疫情', '衝擊', '高雄', '庇護工廠', '身障', '中高齡員工', '苦撐']",三立LIVE新聞,4195,17,1,0,7
184,2021-06-18,"九蛙終於喝到水！日月潭蓄水量飆破84% 曝再往上2.5公尺即可達""滿水位""│記者 吳崑榆│【LIVE大現場】20210618│三立新聞台","['三立新聞', '最新消息', 'LIVE', '三立iNEWS', '三立', '新聞', '直播', '網路直播', '最新', '即時', '新聞快訊', '蔡英文', '習近平', '蘇貞昌', '韓國瑜', '馬英九', '江啟臣', '柯文哲', '九蛙', '日月潭', '蓄水量', '滿水位']",三立LIVE新聞,8573,54,4,0,13
185,2021-06-18,"網路瘋傳""周五天劫日""！喊作法收瘟神要求信眾""別穿黑衣服"" 廟方駁斥：無此作法│主播 黃家緯│【LIVE大現場】20210618│三立新聞台","['三立新聞', '最新消息', 'LIVE', '三立iNEWS', '三立', '新聞', '直播', '網路直播', '最新', '即時', '新聞快訊', '蔡英文', '習近平', '蘇貞昌', '韓國瑜', '馬英九', '江啟臣', '柯文哲', '網路', '天劫日', '瘟神', '信眾']",三立LIVE新聞,2680,17,0,0,5
186,2021-06-18,新北今日新增76例 篩檢率提高陽性率降低 侯友宜呼籲民眾繼續出來篩檢也鼓勵接種疫苗!｜[直播回放]20210618｜三立新聞台,"['三立新聞', '最新消息', 'LIVE', '三立iNEWS', '三立', '新聞', '直播', '網路直播', '最新', '即時', '新聞快訊', '蔡英文', '習近平', '蘇貞昌', '韓國瑜', '馬英九', '江啟臣', '柯文哲', '侯友宜', '新北市', '疫情', '武漢肺炎', '本土個案']",三立LIVE新聞,1586,5,4,0,4
187,2021-06-18,#三立最新 黑煙漫天！基隆正濱漁港驚傳火燒船意外 警消.民眾合力拖船幫滅火│記者 侯彩紅│【LIVE大現場】20210618│三立新聞台,"['三立新聞', '最新消息', 'LIVE', '三立iNEWS', '三立', '新聞', '直播', '網路直播', '最新', '即時', '新聞快訊', '蔡英文', '習近平', '蘇貞昌', '韓國瑜', '馬英九', '江啟臣', '柯文哲', '黑煙', '基隆', '正濱漁港', '火燒船', '警消', '民眾', '合力拖船', '滅火']",三立LIVE新聞,2466,9,2,0,1
188,2021-06-18,"去年成11年來首見死亡""負成長""！曝最新10大死因""癌症""連續39年居於首位 曝北京檢疫6關卡 連""行李""也要PCR採檢？！│主播 黃家緯│【LIVE大現場】20210618│三立新聞台","['三立新聞', '最新消息', 'LIVE', '三立iNEWS', '三立', '新聞', '直播', '網路直播', '最新', '即時', '新聞快訊', '蔡英文', '習近平', '蘇貞昌', '韓國瑜', '馬英九', '江啟臣', '柯文哲', '死亡', '負成長', '死因', '癌症', '北京', '檢疫', 'PCR']",三立LIVE新聞,677,3,2,0,1
189,2021-06-18,"今增187例本土.21死亡個案""新北76.台北71""！24萬劑莫德納今下午抵台 台積電.郭董自購買疫苗...陳時中盼""德國製造德國直送""！｜【直播回放】20210618｜三立新聞台","['三立新聞', '最新消息', 'LIVE', '三立iNEWS', '三立', '新聞', '直播', '網路直播', '最新', '即時', '新聞快訊', '蔡英文', '習近平', '蘇貞昌', '韓國瑜', '馬英九', '江啟臣', '柯文哲', '莫德納', '疫苗', '國產', '美國', '代工', '陳時中', '指揮中心']",三立LIVE新聞,30161,164,41,0,27
190,2021-06-18,"#三立最新 再傳打疫苗猝死...台北市目前累計4長者病故 曝""勿在高溫下等待接種""血液黏稠恐釀血栓.中風│記者 邵子揚│【LIVE大現場】20210618│三立新聞台","['三立新聞', '最新消息', 'LIVE', '三立iNEWS', '三立', '新聞', '直播', '網路直播', '最新', '即時', '新聞快訊', '蔡英文', '習近平', '蘇貞昌', '韓國瑜', '馬英九', '江啟臣', '柯文哲', '打疫苗', '猝死', '台北市', '高溫', '接種', '血液黏稠', '血栓', '中風']",三立LIVE新聞,692,4,1,0,2
191,2021-06-18,"[一刀未剪]行政院正式授權""台積電.鴻海""代表政府洽購1000萬劑BNT疫苗!參考國際採購合約給製造商免責聲明!｜【焦點人物大現場】20210618｜三立新聞台","['三立新聞', '最新消息', 'LIVE', '三立iNEWS', '三立', '新聞', '直播', '網路直播', '最新', '即時', '新聞快訊', '蔡英文', '習近平', '蘇貞昌', '韓國瑜', '馬英九', '江啟臣', '柯文哲', '行政院', '鴻海', '台積電', '郭台銘', '疫苗', '武漢肺炎', '民間團體', '企業', '授權']",三立LIVE新聞,8830,133,11,0,60
192,2021-06-18,18號實體ATM可領孩童1萬元補貼! 四大超商腦筋動得快 紛紛祭出優惠促進買氣 │記者馬郁雯 李維庭│【LIVE大現場】20210618│三立新聞台,"['三立新聞', '最新消息', 'LIVE', '三立iNEWS', '三立', '新聞', '直播', '網路直播', '最新', '即時', '新聞快訊', '蔡英文', '習近平', '蘇貞昌', '韓國瑜', '馬英九', '江啟臣', '柯文哲', '孩童', '補貼金', '超商', '優惠', '買氣', 'ATM']",三立LIVE新聞,1899,17,3,0,4
193,2021-06-18,"紓困4.0特別預算卡立院未三讀! 癥結點在國民黨主張""普發現金.確診必須國賠"" 民進黨痛批:卡住人民救命錢!│記者莊惠琪 游家瑋│【LIVE大現場】20210618│三立新聞台","['三立新聞', '最新消息', 'LIVE', '三立iNEWS', '三立', '新聞', '直播', '網路直播', '最新', '即時', '新聞快訊', '蔡英文', '習近平', '蘇貞昌', '韓國瑜', '馬英九', '江啟臣', '柯文哲', '紓困', '預算', 'KMT', '發現金', '確診', '國賠', '救命錢', '三讀', '立院']",三立LIVE新聞,2551,7,14,0,27
194,2021-06-18,"講不聽欸! 5移工""未戴罩""在巷底開烤肉趴 還敢辯稱自己沒違法? 花蓮也有長者群聚喝酒 見警巡邏還躲進小廟 跑給警方追? │記者張昱傑 呂彥 侯彩紅│【LIVE大現場】20210618│三立新聞台","['三立新聞', '最新消息', 'LIVE', '三立iNEWS', '三立', '新聞', '直播', '網路直播', '最新', '即時', '新聞快訊', '蔡英文', '習近平', '蘇貞昌', '韓國瑜', '馬英九', '江啟臣', '柯文哲', '巷弄', '花蓮', '群聚', '烤肉趴', '喝酒', '違規']",三立LIVE新聞,6954,36,5,0,25
195,2021-06-18,"憂群聚再次重演! 北市第二波接種疫苗""強化分流.下修預約名額"" 柯文哲快閃視察讚""分流奏效""│記者朱淑君 葛子綱│【LIVE大現場】20210618│三立新聞台","['三立新聞', '最新消息', 'LIVE', '三立iNEWS', '三立', '新聞', '直播', '網路直播', '最新', '即時', '新聞快訊', '蔡英文', '習近平', '蘇貞昌', '韓國瑜', '馬英九', '江啟臣', '柯文哲', '群聚', '疫情', '接種', '疫苗', '柯P', '分流', '網路預約']",三立LIVE新聞,679,4,6,0,1
196,2021-06-18,"你還有另一個選擇! ""保單借款""紓困將提前7月上路 借款利率1.28%比勞工紓困貸款還低 保險專家提醒:並不是所有保單都能借│記者張珈瑄 唐薏程│【LIVE大現場】20210618│三立新聞台","['三立新聞', '最新消息', 'LIVE', '三立iNEWS', '三立', '新聞', '直播', '網路直播', '最新', '即時', '新聞快訊', '蔡英文', '習近平', '蘇貞昌', '韓國瑜', '馬英九', '江啟臣', '柯文哲', '保單借款', '紓困', '利率', '借款', '勞工紓困貸款', '保險', '申請']",三立LIVE新聞,3140,16,3,0,14
197,2021-06-18,"以偶像名義捐贈! Super Junior台灣粉絲們""贈1000件隔離衣""送新竹縣消防局 為台灣防疫貢獻心力!│記者張浩譯 夏邦明│【LIVE大現場】20210618│三立新聞台","['三立新聞', '最新消息', 'LIVE', '三立iNEWS', '三立', '新聞', '直播', '網路直播', '最新', '即時', '新聞快訊', '蔡英文', '習近平', '蘇貞昌', '韓國瑜', '馬英九', '江啟臣', '柯文哲', '偶像', '捐贈', 'SJ', '隔離衣', '新竹', '消防局', '防疫', '粉絲', 'Super Junior']",三立LIVE新聞,999,28,2,0,4
198,2021-06-18,"柯文哲宣布""萬華不再是熱區""! 剝皮寮快篩站將改成""疫苗注射站"" 熱心外送員投入""獨老專案""為熱區送餐超暖心!│記者張哲豪 鄭遠龍│【LIVE大現場】20210618│三立新聞台","['三立新聞', '最新消息', 'LIVE', '三立iNEWS', '三立', '新聞', '直播', '網路直播', '最新', '即時', '新聞快訊', '蔡英文', '習近平', '蘇貞昌', '韓國瑜', '馬英九', '江啟臣', '柯文哲', '熱區', '萬華', '剝皮寮', '疫苗注射站', '外送員', '獨老專案', '送餐', '外送']",三立LIVE新聞,1311,12,0,0,2
199,2021-06-18,"火氣這麼大? 擦撞竟變砸車 駕駛慘遭""五漢""拖下車痛毆 連衣服都撕破│記者 曹勝彰 陳政棟│【LIVE大現場】20210618│三立新聞台","['三立新聞', '最新消息', 'LIVE', '三立iNEWS', '三立', '新聞', '直播', '網路直播', '最新', '即時', '新聞快訊', '蔡英文', '習近平', '蘇貞昌', '韓國瑜', '馬英九', '江啟臣', '柯文哲', '擦撞', '行車糾紛', '痛毆', '台中', '五漢']",三立LIVE新聞,27701,81,6,0,52
200,2021-06-18,"#三立最新 北農爆18人確診遭員工爆隱匿疫情 ""憂汙染蔬果""?北農出面駁斥:勿以訛傳訛 │【LIVE大現場】20210618│三立新聞台","['三立新聞', '最新消息', 'LIVE', '三立iNEWS', '三立', '新聞', '直播', '網路直播', '最新', '即時', '新聞快訊', '蔡英文', '習近平', '蘇貞昌', '韓國瑜', '馬英九', '江啟臣', '柯文哲', '北農', '蔬果', '病毒', '黃向羣', '確診', '超市']",三立LIVE新聞,1168,5,5,0,3
201,2021-06-18,"失智症沒納第五順位！失智染疫""死亡率2-4成"" 9萬名患者染疫風險高 協會籲應納入疫苗接種第五順位│記者 蔡駿琪 周冠宇│【LIVE大現場】20210618│三立新聞台","['三立新聞', '最新消息', 'LIVE', '三立iNEWS', '三立', '新聞', '直播', '網路直播', '最新', '即時', '新聞快訊', '蔡英文', '習近平', '蘇貞昌', '韓國瑜', '馬英九', '江啟臣', '柯文哲', '武漢肺炎', 'covid-19', '失智', '死亡', '第五順位', '風險', '疫苗']",三立LIVE新聞,826,3,0,0,1
202,2021-06-18,"稱""每日夜不成眠""郭台銘為BNT疫苗盼會見蔡總統！考慮繞過""上海復星"" 郭買BNT要政府明確表態 府方:樂意見面會談│記者 王韻筑 江文賢│【LIVE大現場】20210618│三立新聞台","['三立新聞', '最新消息', 'LIVE', '三立iNEWS', '三立', '新聞', '直播', '網路直播', '最新', '即時', '新聞快訊', '蔡英文', '習近平', '蘇貞昌', '韓國瑜', '馬英九', '江啟臣', '柯文哲', '武漢肺炎', 'covid-19', '郭台銘', '鴻海', '永齡', '總統', 'BNT', '疫苗', '上海復星']",三立LIVE新聞,1632,12,2,0,11
203,2021-06-18,"氣若游絲向媳喊""救命""後不治...82歲洗腎翁打疫苗後返家發燒 看護協助服用普拿疼再送醫仍不治 家屬諸多質疑盼求真相│記者 張峻棟 林韋志 吳伊哲│【LIVE大現場】20210618│三立新聞台","['三立新聞', '最新消息', 'LIVE', '三立iNEWS', '三立', '新聞', '直播', '網路直播', '最新', '即時', '新聞快訊', '蔡英文', '習近平', '蘇貞昌', '韓國瑜', '馬英九', '江啟臣', '柯文哲', '武漢肺炎', 'covid-19', '疫苗', '死亡', '洗腎', '普拿疼', '救命']",三立LIVE新聞,1013,5,1,0,2
204,2021-06-18,"新北""冷區""金山爆家庭群聚！本土確診+1機動揪快篩陽接觸者 醫師呼籲:續追傳染源│記者 林俊華 羅珮瑜│【LIVE大現場】20210618│三立新聞台","['三立新聞', '最新消息', 'LIVE', '三立iNEWS', '三立', '新聞', '直播', '網路直播', '最新', '即時', '新聞快訊', '蔡英文', '習近平', '蘇貞昌', '韓國瑜', '馬英九', '江啟臣', '柯文哲', '武漢肺炎', 'covid-19', '新北', '金山', '本土', '機動', '快篩', '陽性', '感染源', '家庭群聚']",三立LIVE新聞,495,0,0,0,0
205,2021-06-18,"又有防疫旅館""混住""！淡水蘊泉庄旅館遭爆接待藥廠跟科技公司 與隔離民眾""混居"" 遭新北市府祭出重罰50萬勒令停業│記者 郭翊軒 徐湘芸│【LIVE大現場】20210618│三立新聞台","['三立新聞', '最新消息', 'LIVE', '三立iNEWS', '三立', '新聞', '直播', '網路直播', '最新', '即時', '新聞快訊', '蔡英文', '習近平', '蘇貞昌', '韓國瑜', '馬英九', '江啟臣', '柯文哲', '武漢肺炎', 'covid-19', '淡水', '蘊泉庄', '防疫旅館', '藥廠', '科技公司', '混居', '混住', '停業', '開罰']",三立LIVE新聞,514,3,0,0,1
206,2021-06-18,"高雄2監獄遭爆排""第5順位""卻插隊打疫苗 衛生局澄清:按照規定通知造冊 第二監獄:目前先喊停│記者 涂永全 李承諺│【LIVE大現場】20210618│三立新聞台","['三立新聞', '最新消息', 'LIVE', '三立iNEWS', '三立', '新聞', '直播', '網路直播', '最新', '即時', '新聞快訊', '蔡英文', '習近平', '蘇貞昌', '韓國瑜', '馬英九', '江啟臣', '柯文哲', '武漢肺炎', 'covid-19', '監獄', '插隊', '疫苗', '接種', '衛生局', '高雄']",三立LIVE新聞,566,2,1,0,2
207,2021-06-18,"造謠對你有什麼好處嗎？把轉送站說成是染疫集中所 PO文男遭法辦 網傳""高端徵求青少年試驗""還稱是挺國產才轉貼│記者 邵子揚 呂紹伯│【LIVE大現場】20210618│三立新聞台","['三立新聞', '最新消息', 'LIVE', '三立iNEWS', '三立', '新聞', '直播', '網路直播', '最新', '即時', '新聞快訊', '蔡英文', '習近平', '蘇貞昌', '韓國瑜', '馬英九', '江啟臣', '柯文哲', '武漢肺炎', 'covid-19', '造謠', '假訊息', '高端', '青少年', '試驗', '國產', '馬偕']",三立LIVE新聞,4691,17,6,0,51
208,2021-06-18,#三立最新 紓困預算卡立法院 國民黨主張普發現金.確診死亡國賠!綠委批藍卡人民救命錢!│記者莊惠琪│【LIVE大現場】20210618│三立新聞台,"['三立新聞', '最新消息', 'LIVE', '三立iNEWS', '三立', '新聞', '直播', '網路直播', '最新', '即時', '新聞快訊', '蔡英文', '習近平', '蘇貞昌', '韓國瑜', '馬英九', '江啟臣', '柯文哲', '紓困', '預算', '立法院', '國民黨', '現金', '死亡國賠', '人民救命錢']",三立LIVE新聞,7706,55,22,0,162
209,2021-06-18,"#三立最新 萬華疫情降改為""非熱區""!剝皮寮快篩站""功成身退""轉型疫苗注射站! 繼續為民眾服務 │記者張哲豪│【LIVE大現場】20210618│三立新聞台","['三立新聞', '最新消息', 'LIVE', '三立iNEWS', '三立', '新聞', '直播', '網路直播', '最新', '即時', '新聞快訊', '蔡英文', '習近平', '蘇貞昌', '韓國瑜', '馬英九', '江啟臣', '柯文哲', '萬華', '非熱區', '剝皮寮', '率篩站', '注射站', '疫苗']",三立LIVE新聞,1365,2,6,0,0
210,2021-06-18,"#三立最新 粉絲以偶像""Super Junior""名義捐贈1000件隔離衣 送抵新竹縣消防局 力挺防疫第一線│記者夏邦明│【LIVE大現場】20210618│三立新聞台","['三立新聞', '最新消息', 'LIVE', '三立iNEWS', '三立', '新聞', '直播', '網路直播', '最新', '即時', '新聞快訊', '蔡英文', '習近平', '蘇貞昌', '韓國瑜', '馬英九', '江啟臣', '柯文哲', 'Super Junior', '隔離衣', '粉絲.偶像', '防疫']",三立LIVE新聞,2572,58,3,0,2
211,2021-06-18,"#三立最新 屏東失智長者接種完隔日猝死身亡...出現""呼吸急促""狀況 衛生局正在釐清是否和疫苗有關連│記者朱怡蓉│【LIVE大現場】20210618│三立新聞台","['三立新聞', '最新消息', 'LIVE', '三立iNEWS', '三立', '新聞', '直播', '網路直播', '最新', '即時', '新聞快訊', '蔡英文', '習近平', '蘇貞昌', '韓國瑜', '馬英九', '江啟臣', '柯文哲', '疫苗', '猝死', '長者', '失智', '糖尿病', '衛生局']",三立LIVE新聞,1858,9,2,0,7
212,2021-06-18,"#三立最新 太自私!暴力男為轉院被拒絕而怒罵醫護""不雅字句""甚至動手推護理師 大鬧醫院遭起訴│記者 陳逸潔│【LIVE大現場】20210618│三立新聞台","['三立新聞', '最新消息', 'LIVE', '三立iNEWS', '三立', '新聞', '直播', '網路直播', '最新', '即時', '新聞快訊', '蔡英文', '習近平', '蘇貞昌', '韓國瑜', '馬英九', '江啟臣', '柯文哲', '轉院', '醫護', '不雅字句', '護理師', '醫院', '起訴']",三立LIVE新聞,3845,30,3,0,17
213,2021-06-18,"#三立最新 台灣確診.隔離人數居高不下 防疫保單理賠金愈墊愈高!台產防疫神單日理賠""上百件""!金額已達2.4億...│記者 張珈瑄│【LIVE大現場】20210618│三立新聞台","['三立新聞', '最新消息', 'LIVE', '三立iNEWS', '三立', '新聞', '直播', '網路直播', '最新', '即時', '新聞快訊', '蔡英文', '習近平', '蘇貞昌', '韓國瑜', '馬英九', '江啟臣', '柯文哲', '防疫保單', '理賠金額', '台產', '保單', '保險', '理賠金']",三立LIVE新聞,1455,5,2,0,7
214,2021-06-18,#三立最新 紓困4.0育兒津貼今日開領!民眾可到4大超商ATM進行領取!民眾讚操作簡單方便│記者馬郁雯│【LIVE大現場】20210618│三立新聞台,"['三立新聞', '最新消息', 'LIVE', '三立iNEWS', '三立', '新聞', '直播', '網路直播', '最新', '即時', '新聞快訊', '蔡英文', '習近平', '蘇貞昌', '韓國瑜', '馬英九', '江啟臣', '柯文哲', '紓困', '育兒津貼', 'ATM', '超商', '3大銀行']",三立LIVE新聞,681,3,2,0,6
215,2021-06-18,"#三立最新 高雄疫苗第二波開放""82-86歲長者.65-74歲原住民長者""開打 全市設置17站 長輩施打完如有異常狀況""儘速就醫"" │記者 古芙仙│【LIVE大現場】20210618│三立新聞台","['三立新聞', '最新消息', 'LIVE', '三立iNEWS', '三立', '新聞', '直播', '網路直播', '最新', '即時', '新聞快訊', '蔡英文', '習近平', '蘇貞昌', '韓國瑜', '馬英九', '江啟臣', '柯文哲', '高雄', '長者', '原住民長者', '疫苗', '副作用']",三立LIVE新聞,1666,15,6,0,5
216,2021-06-18,"#三立最新 高雄兩間監獄傳出矯正人員""插隊施打""疫苗 衛生局澄清考慮監獄""群聚風險""提早通知造冊│記者 李承諺│【LIVE大現場】20210618│三立新聞台","['三立新聞', '最新消息', 'LIVE', '三立iNEWS', '三立', '新聞', '直播', '網路直播', '最新', '即時', '新聞快訊', '蔡英文', '習近平', '蘇貞昌', '韓國瑜', '馬英九', '江啟臣', '柯文哲', '監獄', '高雄', '插隊', '疫苗', '矯正人員']",三立LIVE新聞,2428,11,4,0,6
217,2021-06-18,#三立最新 第二批AZ已配發!北市共領5.4萬劑 開放80歲以上長者接種疫苗 台大醫院9點開打上百位醫護現場做準備 │記者 曾佳萱│【LIVE大現場】20210618│三立新聞台,"['三立新聞', '最新消息', 'LIVE', '三立iNEWS', '三立', '新聞', '直播', '網路直播', '最新', '即時', '新聞快訊', '蔡英文', '習近平', '蘇貞昌', '韓國瑜', '馬英九', '江啟臣', '柯文哲', 'AZ疫苗', '80歲長者', '臺大醫院', '醫護', '猝死']",三立LIVE新聞,2503,21,3,0,7
218,2021-06-18,指揮中心證實! 24萬劑莫德納疫苗今下午4點左右抵台 郭台銘捐贈疫苗 陳宗彥:蔡總統將安排與郭董見面│【直播回放】20210618│三立新聞台,"['三立新聞', '最新消息', 'LIVE', '三立iNEWS', '三立', '新聞', '直播', '網路直播', '最新', '即時', '新聞快訊', '蔡英文', '習近平', '蘇貞昌', '韓國瑜', '馬英九', '江啟臣', '柯文哲']",三立LIVE新聞,9116,99,16,0,36
219,2021-06-18,"冷靜處理不行嗎?直行車擦撞百萬名車被撞男子火大撂友""砸車""還圍毆駕駛 警方依法開罰│記者 侯彩紅│【LIVE大現場】20210618│三立新聞台","['三立新聞', '最新消息', 'LIVE', '三立iNEWS', '三立', '新聞', '直播', '網路直播', '最新', '即時', '新聞快訊', '蔡英文', '習近平', '蘇貞昌', '韓國瑜', '馬英九', '江啟臣', '柯文哲', '車禍', '擦撞', '砸車', '圍毆', '群聚', '口罩']",三立LIVE新聞,29375,90,9,0,53
220,2021-06-18,莫德納今日下午即將抵台!陳時中鬆口若第一類到第三類名冊施打完畢 孕婦有機會排在這波優先施打名單!│記者 侯彩紅│【LIVE大現場】20210618│三立新聞台,"['三立新聞', '最新消息', 'LIVE', '三立iNEWS', '三立', '新聞', '直播', '網路直播', '最新', '即時', '新聞快訊', '蔡英文', '習近平', '蘇貞昌', '韓國瑜', '馬英九', '江啟臣', '柯文哲', '莫德納', '陳時中', '桃園機場', '名冊', '孕婦']",三立LIVE新聞,17278,129,12,0,50
221,2021-06-18,"我的身體好像一把火~10縣市高溫警訊 民眾""多補水.防曬""避免中暑 下週出門記得帶傘梅雨影響時間長恐徘迴至月底│氣象主播陳宥蓉│【三立準氣象】20210618│三立新聞台","['三立新聞', '最新消息', 'LIVE', '三立iNEWS', '三立', '新聞', '直播', '網路直播', '最新', '即時', '新聞快訊', '蔡英文', '習近平', '蘇貞昌', '韓國瑜', '馬英九', '江啟臣', '柯文哲', '天氣', '預報', '三立準氣象', '補水', '防曬', '中暑', '梅雨']",三立LIVE新聞,2764,40,4,0,0
222,2021-06-18,"撫慰人心!龍千玉領軍台語界23位大咖獻聲""手牽手抗疫!用歌聲為前線英雄.人民加油打氣""│記者 林昆慶 王承偉│【LIVE大現場】20210618│三立新聞台","['三立新聞', '最新消息', 'LIVE', '三立iNEWS', '三立', '新聞', '直播', '網路直播', '最新', '即時', '新聞快訊', '蔡英文', '習近平', '蘇貞昌', '韓國瑜', '馬英九', '江啟臣', '柯文哲', '龍千玉', '台語', '手牽手', '歌聲', '歌星', '張秀卿', '朱海君', '翁立友', '謝金晶']",三立LIVE新聞,3958,77,6,0,12
223,2021-06-18,"陳時中為疫苗進貨速度慢致歉 否認護航""國產疫苗"" 表示政府會積極爭取國際疫苗!│記者 程彥豪 方柏丰│【LIVE大現場】20210618│三立新聞台","['三立新聞', '最新消息', 'LIVE', '三立iNEWS', '三立', '新聞', '直播', '網路直播', '最新', '即時', '新聞快訊', '蔡英文', '習近平', '蘇貞昌', '韓國瑜', '馬英九', '江啟臣', '柯文哲', '陳時中', '疫苗', '國產疫苗', 'BNT', '國劑疫苗', '郭台銘']",三立LIVE新聞,2156,51,11,0,38
224,2021-06-18,"才過半年高雄""今日戲院""又塌!疑快怪手施工釀禍..3戶民宅受到波及鄰居拔腿狂命奔跑所幸沒人受傷│記者 凌毓鈞 孟國華│【LIVE大現場】20210618│三立新聞台","['三立新聞', '最新消息', 'LIVE', '三立iNEWS', '三立', '新聞', '直播', '網路直播', '最新', '即時', '新聞快訊', '蔡英文', '習近平', '蘇貞昌', '韓國瑜', '馬英九', '江啟臣', '柯文哲', '今日戲院', '怪手', '施工', '民宅', '倒塌']",三立LIVE新聞,7426,23,2,0,7
225,2021-06-18,"想到我的鼻孔...首款""國產""居家快篩試劑將上路! 醫生憂鼻腔採樣困難度高""偽陰性""恐會增加反而浪費試劑!│記者 林昆慶 王承偉│【LIVE大現場】20210618│三立新聞台","['三立新聞', '最新消息', 'LIVE', '三立iNEWS', '三立', '新聞', '直播', '網路直播', '最新', '即時', '新聞快訊', '蔡英文', '習近平', '蘇貞昌', '韓國瑜', '馬英九', '江啟臣', '柯文哲', '國產快篩試劑', '國產', '鼻腔', '採樣', '偽陰性', '居家']",三立LIVE新聞,999,13,1,0,5
